{
  "label_column": "label",
  "feature_columns": [
    "feat_0",
    "feat_1",
    "feat_2",
    "feat_3",
    "feat_4",
    "feat_5",
    "feat_6",
    "feat_7",
    "feat_8",
    "feat_9",
    "feat_10",
    "feat_11",
    "feat_12",
    "feat_13",
    "feat_14",
    "feat_15"
  ],
  "categorical_columns": [],
  "encoders": {},
  "target_classes": null,
  "scaler_mean": [
    0.007559744095414172,
    0.016813954146039124,
    -0.032681302786908235,
    -0.013301303482131722,
    -0.023160643050332552,
    -3.2264085989304193e-06,
    -0.022537356225154855,
    0.023789777491276694,
    0.006705871459312556,
    0.006116123980158673,
    0.01593458006614477,
    -0.012292363715701287,
    0.01934778182961518,
    0.016499074642970384,
    -0.0013068379616583455,
    -0.018951273479585317
  ],
  "scaler_scale": [
    0.9887486891144093,
    0.9951426598754745,
    0.9967676150082584,
    0.9995632264294355,
    1.00386099597963,
    1.0002125428921187,
    1.0030427714870227,
    1.0240045713236978,
    1.0008859834799688,
    1.011598259078145,
    1.0008416359981052,
    1.0020852721504285,
    0.9799100916250004,
    1.0150646038824216,
    0.996544614946072,
    1.0202639011663277
  ]
}